Saved Date,Job Url,Job Title,Company Name
"9/29/24, 5:22 PM",http://www.linkedin.com/jobs/view/4029046223,Full Stack Engineer Intern,Asurion
"1/29/26, 11:42 PM",http://www.linkedin.com/jobs/view/4367407521,Big Data Developer,Ascendion
"9/29/24, 5:21 PM",http://www.linkedin.com/jobs/view/4020511668,Software Engineer - Winter Internship (min 3 months),Ascenda
"2/20/24, 9:22 PM",http://www.linkedin.com/jobs/view/3808028191,"Software Engineer Intern, Internal Tools",Datature
"9/29/24, 5:28 PM",http://www.linkedin.com/jobs/view/3975259868,,
"9/29/24, 5:29 PM",http://www.linkedin.com/jobs/view/3978309015,,
"2/2/26, 9:32 AM",http://www.linkedin.com/jobs/view/4368322385,Software Backend Engineer,Traveloka
"9/29/24, 5:20 PM",http://www.linkedin.com/jobs/view/4023164543,Backend Development intern,Tencent
"9/29/24, 5:17 PM",http://www.linkedin.com/jobs/view/3953216038,Uni Internship Jan to May 2025 - Development of New Search and Graph Augmented Retrieval Methods,Synapxe
"9/29/24, 5:17 PM",http://www.linkedin.com/jobs/view/4014510911,"Software Engineer Intern, Backend - Wintership '24",Datature
"9/29/24, 5:26 PM",http://www.linkedin.com/jobs/view/3986357721,Intern - Software Engineering Intern,Activate Interactive
"9/29/24, 5:23 PM",http://www.linkedin.com/jobs/view/4002616135,AI Software Engineer Intern,OMNIVISION
"1/30/26, 7:48 AM",http://www.linkedin.com/jobs/view/4367308161,Full-Stack Engineer (Web & APIs),The Flex
"9/29/24, 5:21 PM",http://www.linkedin.com/jobs/view/4004479898,Global Technology Summer Analyst (Software Engineer) - 2025 - Singapore,Bank of America
"1/28/26, 10:35 AM",http://www.linkedin.com/jobs/view/4366146372,Applied AI Engineer - LLM & NLP,Toku
"2/20/24, 9:23 PM",http://www.linkedin.com/jobs/view/3802850875,2024 Summer Internship - Data Engineer,Income Insurance Limited
"3/26/26, 3:54 AM",http://www.linkedin.com/jobs/view/4390141257,"Software Engineer, Web (L1)",CoinGecko
"9/29/24, 5:21 PM",http://www.linkedin.com/jobs/view/3935956064,"Intern Developer, Application Integration",Logicalis Asia Pacific
"10/22/24, 7:46 AM",http://www.linkedin.com/jobs/view/4056549439,Frontend Developer (Internship),Drive lah
"9/29/24, 5:23 PM",http://www.linkedin.com/jobs/view/4034021268,DevOps and Cloud Engineer Intern,NETS
"9/29/24, 5:22 PM",http://www.linkedin.com/jobs/view/3953215062,Uni Internship Jan to May 2025 - Development of Large Language Models (LLMs) for healthcare use-case,Synapxe
"2/20/24, 9:22 PM",http://www.linkedin.com/jobs/view/3677288933,Data Center Design Engineer Intern - 2024 Start,ByteDance
"9/29/24, 5:19 PM",http://www.linkedin.com/jobs/view/3953214245,Uni Internship Jan to May 2025 - Enhancing Gen AI and Platform at Scale for Public Healthcare,Synapxe
"9/29/24, 5:29 PM",http://www.linkedin.com/jobs/view/3978305550,,
"9/29/24, 5:28 PM",http://www.linkedin.com/jobs/view/4012473991,WeChat Tech Intern (Backend Developer),Tencent
"9/29/24, 5:21 PM",http://www.linkedin.com/jobs/view/4015669953,Binance Accelerator Program - Backend Engineer (PAM),Binance
"3/2/26, 8:19 AM",http://www.linkedin.com/jobs/view/4306512200,"Software Engineer (Java/Kotlin, React)",EPAM Systems
"9/29/24, 5:26 PM",http://www.linkedin.com/jobs/view/3981324571,Operations Automation Engineer Intern,ShopBack
"2/20/24, 9:23 PM",http://www.linkedin.com/jobs/view/3813054664,"Intern - Technology Consulting, Data & Analytics (Off Cycle Jul - Dec 2024)",EY
"9/29/24, 5:26 PM",http://www.linkedin.com/jobs/view/3931375696,Software Engineer Intern (Jan 2025),Tatsu Works
"9/29/24, 5:18 PM",http://www.linkedin.com/jobs/view/4027298577,[Tech Cooperative Internship 2025] Software Engineer Intern – Full-stack team (6 months),Agoda
"9/29/24, 5:16 PM",http://www.linkedin.com/jobs/view/4032744853,Software Engineer Summer Intern,Millennium
"2/20/24, 9:24 PM",http://www.linkedin.com/jobs/view/3803622436,Intern (July to December 2024),Weber Shandwick
"2/20/24, 9:25 PM",http://www.linkedin.com/jobs/view/3786962233,Software Engineer (Intern) - Backend,ShopBack
"3/20/26, 9:12 PM",http://www.linkedin.com/jobs/view/4387277043,Software Engineer,Tower Research Capital
"9/29/24, 5:24 PM",http://www.linkedin.com/jobs/view/4019058378,Software DevOps Intern (Jan/Feb 2025 intake),Dyson
"9/29/24, 5:26 PM",http://www.linkedin.com/jobs/view/4006524250,"Intern, SRE",Rakuten Viki
"9/29/24, 5:22 PM",http://www.linkedin.com/jobs/view/4014105953,Machine Learning Engineer Intern - Wintership '24,Datature
"9/29/24, 5:18 PM",http://www.linkedin.com/jobs/view/4027298570,[Tech Cooperative Internship 2025] Software Engineer Intern – Full-stack team (6 months),Agoda
"9/29/24, 5:27 PM",http://www.linkedin.com/jobs/view/4033761669,"Intern, Software Engineer (Jan - Jun 2025)",QCP
"1/29/26, 11:44 PM",http://www.linkedin.com/jobs/view/4367099606,Early Careers - Digital Technology,SLB
"2/20/24, 9:23 PM",http://www.linkedin.com/jobs/view/3325032757,Product Analyst Intern,TikTok
"9/29/24, 5:17 PM",http://www.linkedin.com/jobs/view/3987019031,Autonomous Vehicle Embedded Software Engineer Intern,Venti
"9/29/24, 5:25 PM",http://www.linkedin.com/jobs/view/4004174242,,
"12/19/25, 10:35 PM",http://www.linkedin.com/jobs/view/4267927857,Fullstack Java developer,Capgemini
"1/29/26, 11:42 PM",http://www.linkedin.com/jobs/view/4367200422,Software Engineer,Thunes
"1/26/26, 11:00 PM",http://www.linkedin.com/jobs/view/4365917212,Early Careers - Digital Technology,SLB
"9/29/24, 5:25 PM",http://www.linkedin.com/jobs/view/4002106561,,
"9/29/24, 5:27 PM",http://www.linkedin.com/jobs/view/3860723508,,
"9/29/24, 5:18 PM",http://www.linkedin.com/jobs/view/3989109804,Software Developer (Internship),Titansoft Pte Ltd
"9/29/24, 5:25 PM",http://www.linkedin.com/jobs/view/3979986759,R&D Intern - Software Engineering,Rapsodo
"9/29/24, 5:19 PM",http://www.linkedin.com/jobs/view/3926249194,Full Stack Engineer Intern,ShopBack
"3/27/26, 6:36 PM",http://www.linkedin.com/jobs/view/4390908884,"Software Engineer, Apple Online Store (Early Careers)",Apple
"1/29/26, 11:42 PM",http://www.linkedin.com/jobs/view/4367411625,Backend API Developer (DSC|SN),ST Engineering
"9/29/24, 5:23 PM",http://www.linkedin.com/jobs/view/4016387370,Devops Intern #GeneralInternship,Singtel
"1/29/26, 11:45 PM",http://www.linkedin.com/jobs/view/4366488071,Systems Engineer,Visa
"9/29/24, 5:24 PM",http://www.linkedin.com/jobs/view/4034946047,Software (Cloud) Intern,Razer Inc.
"2/20/24, 9:23 PM",http://www.linkedin.com/jobs/view/3783567440,Software Engineer (Intern) - Frontend,ShopBack
"2/20/24, 9:23 PM",http://www.linkedin.com/jobs/view/3807494178,Intern (6 Months),Octagon
"9/29/24, 5:27 PM",http://www.linkedin.com/jobs/view/4005785995,"2025 Blackstone Technology and Innovations - Software Engineering Intern, Singapore",Blackstone
"1/5/26, 12:53 AM",http://www.linkedin.com/jobs/view/4354360508,Junior/Intermediate Software Engineer (Backend),Flipster
"9/29/24, 5:20 PM",http://www.linkedin.com/jobs/view/4027879745,Software App Developer Intern (IDA: 2024-00071),Continental
"3/2/26, 12:06 AM",http://www.linkedin.com/jobs/view/4375180569,Software Engineer,Tower Research Capital
"3/1/26, 2:30 AM",http://www.linkedin.com/jobs/view/4354561554,Software Engineer Trainee,Illumina
"3/27/26, 9:01 PM",http://www.linkedin.com/jobs/view/4385340902,Agoda Tech - Software Engineering & Engineering Management roles (Joel),Agoda
"9/29/24, 5:20 PM",http://www.linkedin.com/jobs/view/4023137497,Software Developer Intern,Visier Inc.
"9/29/24, 5:17 PM",http://www.linkedin.com/jobs/view/4009096870,"Software Engineer, Intern",Stripe
